Engine,0,0.1,1,5
DuckDB,1987.734923,1792.296831,1855.14181,1797.087562
SQL Server,2241.621348,2277.892091,2244.34599,2284.319121
Umbra,3110.594728,3152.860978,3045.369966,2861.646508
PostgreSQL,2712.308306,3756.964144,4050.063871,4422.734447
MySQL,13304.613698,13094.543197,13287.784523,13523.346205
SQLite,15783.716506,15936.138678,15845.99606,15842.068632
Db2,9063.342867,9101.836402,9237.382752,9306.849159