Engine,Time
DuckDB,1.315928
SQL Server,43.043736
Umbra,95.614373
PostgreSQL,49.445873
MySQL,40.807849
Db2,56.771474
SQLite,13.301504