Engine,Time
DuckDB,0.082413
SQL Server,4.265524
Umbra,9.93815
PostgreSQL,4.691927
MySQL,4.058674
SQLite,1.142378
Db2,5.731572