Engine,0,0.1,1,5
DuckDB,3125.58145,3123.241397,3131.103582,3148.763896
SQL Server,1118.74455,1077.718458,1105.325761,1102.376641
Umbra,2839.05503,2969.029228,2927.069204,2825.893312
PostgreSQL,1403.669207,1714.948241,2084.860179,2348.784372
MySQL,7039.101091,7121.139057,6698.095804,6672.612467
SQLite,7954.16234,7941.810539,7920.03915,7908.3904
Db2,4985.750813,5007.132242,5000.255696,5034.493806
