Engine,0,0.1,1,5
DuckDB,909.005121,904.2456,920.561608,906.840006
SQL Server,1217.354826,1215.861384,1206.339869,1202.202902
Umbra,3047.797693,2823.729982,2817.949438,2838.191701
PostgreSQL,1409.404025,1424.011729,1386.232439,1372.236719
MySQL,,,,
SQLite,7938.969537,7924.476079,7924.200065,7933.92343
Db2,5803.648961,5779.416953,5936.846627,5955.390128