Engine,0,0.1,1,5
DuckDB,3164.929433,1168.892663,16.069965,0.647016
SQL Server,,,,
Umbra,3417.697453,3537.529249,2957.835059,2859.311058
PostgreSQL,,,,
MySQL,,13091.309000,161.901774,0.201581
SQLite,7927.51543,2982.932538,85.512352,47.055646
Db2,4178.473304,1623.079276,140.888082,3.937350