Engine,Time
DuckDB,0.164642
SQL Server,7.842215
Umbra,19.673931
PostgreSQL,10.453176
MySQL,8.430446
Db2,7.871564
SQLite,2.38549
