Engine,Time
DuckDB,3.7769
Umbra,1112.19155
SQL Server,562.405517
PostgreSQL,882.149195
MySQL,836.546678
SQLite,114.8953
Db2,562.405517