Engine,0,0.1,1,5
DuckDB,721.842538,736.878114,698.431674,719.664968
SQL Server,1107.271634,1103.941119,1133.107726,1154.378779
Umbra,2938.485924,2863.800583,2903.86886,2941.256567
PostgreSQL,1343.744953,1342.261964,1336.707893,1354.441815
MySQL,6819.065207,6599.722891,6639.714421,6647.024723
SQLite,7922.690105,7937.724437,7916.762743,7918.780918
Db2,4979.984911,4545.447512,4318.523834,4239.223319