Engine,Time
DuckDB,0.893329
SQL Server,39.72624
Umbra,105.782643
PostgreSQL,56.562346
MySQL,43.776658
Db2,38.350315
SQLite,12.656137
