Engine,Time
DuckDB,0.135579
SQL Server,5.006981
Umbra,14.017266
PostgreSQL,6.574178
MySQL,5.516687
SQLite,1.750294
Db2,7.351831