Engine,Time
DuckDB,0.120985
SQL Server,4.577454
Umbra,12.169338
PostgreSQL,6.13643
MySQL,5.234702
SQLite,1.514971
Db2,4.785596
