Engine,Time
DuckDB,0.147794
SQL Server,4.982296
Umbra,15.300337
PostgreSQL,6.491961
MySQL,5.580773
SQLite,1.658019
Db2,7.910232