Engine,Time
DuckDB,0.019014
SQL Server,2.258682
Umbra,4.526431
PostgreSQL,1.76541
MySQL,1.939181
SQLite,0.63859
Db2,1.654464