Engine,0,0.1,1,5
DuckDB,1681.945662,1770.691153,1690.83147,1701.046285
SQL Server,2493.903347,2536.227705,2485.113996,2501.00646
Umbra,6093.632773,6235.620455,6131.075891,6156.301077
PostgreSQL,2765.75898,2799.817476,3301.034753,3317.328374
MySQL,12180.085719,12390.171428,12141.739562,12219.171428
SQLite,,,,
Db2,7371.281531,7398.846935,7457.749823,7598.450524