Engine,Time
DuckDB,4.060731
SQL Server,119.172063
Umbra,251.183684
PostgreSQL,128.354545
MySQL,108.311813
Db2,183.325602
SQLite,34.728733
